{"cameraMode":{"drawMode":0,"name":"Shaded","section":"Shading Mode"},"sceneLighting":false,"audioPlay":false,"sceneViewState":{"m_AlwaysRefresh":false,"showFog":false,"showSkybox":false,"showFlares":false,"showImageEffects":false,"showParticleSystems":false,"showVisualEffectGraphs":true,"m_FxEnabled":true},"in2DMode":false,"pivot":{"x":3.1645970344543459,"y":15.698310852050782,"z":25.823989868164064},"rotation":{"x":0.43517374992370608,"y":0.0472312793135643,"z":-0.022867638617753984,"w":0.8988161087036133},"size":60.440460205078128,"orthographic":false}