{"cameraMode":{"drawMode":0,"name":"Shaded","section":"Shading Mode"},"sceneLighting":false,"audioPlay":false,"sceneViewState":{"m_AlwaysRefresh":false,"showFog":false,"showSkybox":false,"showFlares":false,"showImageEffects":false,"showParticleSystems":false,"showVisualEffectGraphs":true,"m_FxEnabled":true},"in2DMode":false,"pivot":{"x":-0.0028141140937805177,"y":1.1134352684020997,"z":-0.07569169998168946},"rotation":{"x":0.3055497705936432,"y":-0.09122545272111893,"z":0.029423676431179048,"w":0.9473414421081543},"size":1.5222307443618775,"orthographic":false}