{"cameraMode":{"drawMode":0,"name":"Shaded","section":"Shading Mode"},"sceneLighting":false,"audioPlay":false,"sceneViewState":{"m_AlwaysRefresh":false,"showFog":false,"showSkybox":false,"showFlares":false,"showImageEffects":false,"showParticleSystems":false,"showVisualEffectGraphs":true,"m_FxEnabled":true},"in2DMode":false,"pivot":{"x":-0.04419898986816406,"y":-24.55080795288086,"z":0.004170417785644531},"rotation":{"x":0.5447985529899597,"y":0.040216196328401569,"z":-0.02617044188082218,"w":0.8371933102607727},"size":30.868755340576173,"orthographic":false}