{"cameraMode":{"drawMode":0,"name":"Shaded","section":"Shading Mode"},"sceneLighting":false,"audioPlay":false,"sceneViewState":{"m_AlwaysRefresh":false,"showFog":false,"showSkybox":false,"showFlares":false,"showImageEffects":false,"showParticleSystems":false,"showVisualEffectGraphs":true,"m_FxEnabled":true},"in2DMode":false,"pivot":{"x":0.08384108543395996,"y":0.2895526885986328,"z":-0.36676549911499026},"rotation":{"x":0.5447985529899597,"y":0.040216196328401569,"z":-0.02617044188082218,"w":0.8371933102607727},"size":6.751145362854004,"orthographic":false}