{"cameraMode":{"drawMode":0,"name":"Shaded","section":"Shading Mode"},"sceneLighting":false,"audioPlay":false,"sceneViewState":{"m_AlwaysRefresh":false,"showFog":false,"showSkybox":false,"showFlares":false,"showImageEffects":false,"showParticleSystems":false,"showVisualEffectGraphs":true,"m_FxEnabled":true},"in2DMode":false,"pivot":{"x":-0.04237854480743408,"y":1.2144464254379273,"z":-0.06018650531768799},"rotation":{"x":0.3055497705936432,"y":-0.09122545272111893,"z":0.029423676431179048,"w":0.9473414421081543},"size":1.8667491674423218,"orthographic":false}