{"cameraMode":{"drawMode":0,"name":"Shaded","section":"Shading Mode"},"sceneLighting":false,"audioPlay":false,"sceneViewState":{"m_AlwaysRefresh":false,"showFog":false,"showSkybox":false,"showFlares":false,"showImageEffects":false,"showParticleSystems":false,"showVisualEffectGraphs":true,"m_FxEnabled":true},"in2DMode":false,"pivot":{"x":-0.2122545838356018,"y":2.7043538093566896,"z":0.07495802640914917},"rotation":{"x":0.3055497705936432,"y":-0.09122545272111893,"z":0.029423676431179048,"w":0.9473414421081543},"size":3.255218505859375,"orthographic":false}